First Name|Last Name|DOB|Gender|Email|Telephone
Mike|Morgan|-1688623905|Male|Mike_Morgan6939@nanoff.biz|5-124-165-2408
Nick|Becker|-1311399382|Male|Nick_Becker2764@gembat.biz|1-221-002-2433
Hayden|Lee|-2011296154|Male|Hayden_Lee7564@acrit.org|2-652-078-2466
Louise|Lane|-1499188349|Female|Louise_Lane3541@joiniaa.com|8-411-282-2751
Jade|Potter|-840990259|Female|Jade_Potter8848@womeona.net|5-723-164-4553
Renee|Gibbons|-1539028691|Female|Renee_Gibbons7382@eirey.tech|1-036-068-2017
Brad|Tyrrell|-462091207|Male|Brad_Tyrrell4121@grannar.com|1-423-673-5710
Zoe|Hale|-2077836579|Female|Zoe_Hale8487@zorer.org|0-864-485-2552
Celia|Clark|-1181971186|Female|Celia_Clark4992@gembat.biz|8-725-238-6161
Jackeline|Simpson|-2014174273|Female|Jackeline_Simpson6603@cispeto.com|7-603-632-6322
Josh|Redfern|-492246398|Male|Josh_Redfern4341@dionrab.com|4-452-566-7006
Alessia|Collins|-1851951621|Female|Alessia_Collins9040@hourpy.biz|1-407-350-5487
Erick|Glass|-1148111713|Male|Erick_Glass3709@atink.com|8-402-673-1887
Marvin|Sawyer|-1301750600|Male|Marvin_Sawyer6341@bulaffy.com|0-618-282-6811
Adalie|Thompson|-815885191|Female|Adalie_Thompson306@supunk.biz|6-871-416-1627
Aiden|Ballard|-1211327259|Male|Aiden_Ballard9317@nimogy.biz|8-821-087-1828
Anabelle|Reynolds|-197325022|Female|Anabelle_Reynolds2072@brety.org|1-810-202-0806
Leroy|Gibson|-1013397170|Male|Leroy_Gibson9922@deons.tech|0-577-231-3125
William|Edwards|-723981629|Male|William_Edwards4162@extex.org|4-851-700-7358
Jackeline|Vane|-1798701672|Female|Jackeline_Vane8984@mafthy.com|7-366-788-8320
Julius|Amstead|-40664008|Male|Julius_Amstead3799@fuliss.net|4-867-638-4343
Chris|Jennson|-883248852|Male|Chris_Jennson8570@dionrab.com|2-716-175-6718
Liliana|Thornton|-1426100285|Female|Liliana_Thornton3691@ovock.tech|7-052-624-3547
Goldie|Gardner|-669751095|Female|Goldie_Gardner2385@mafthy.com|7-667-185-6588
Michael|Talbot|-334209606|Male|Michael_Talbot2301@qater.org|4-807-272-0885
Shelby|Rose|-1889601304|Female|Shelby_Rose3057@nickia.com|2-875-606-4448
Stella|Dann|-1311991722|Female|Stella_Dann4504@eirey.tech|5-038-510-5121
Candice|Irwin|-2116099565|Female|Candice_Irwin4048@jiman.org|0-720-062-6140
Tom|Ward|-1606744040|Male|Tom_Ward1950@jiman.org|1-236-507-4225
Ruby|Healy|-858536148|Female|Ruby_Healy7971@iatim.tech|8-486-570-5552
Ramon|Farmer|-870686186|Male|Ramon_Farmer9655@twace.org|8-311-143-0188
Doug|Whatson|-1878464094|Male|Doug_Whatson9383@muall.tech|2-454-604-1202
Andrea|Kennedy|-391352468|Female|Andrea_Kennedy1951@elnee.tech|3-633-256-0526
Bridget|Becker|-1926151612|Female|Bridget_Becker4317@kideod.biz|4-361-602-3752
Hazel|Vaughan|-774075026|Female|Hazel_Vaughan1931@gembat.biz|2-710-753-1478
Elise|Wellington|-1487063963|Female|Elise_Wellington9888@typill.biz|6-202-186-1638
Harvey|Darcy|-1780356205|Male|Harvey_Darcy6495@grannar.com|2-340-644-4380
Emma|Hewitt|-1071769115|Female|Emma_Hewitt9458@bungar.biz|1-862-267-0228
Julian|Stark|-2146645173|Male|Julian_Stark1365@gompie.com|2-645-754-7004
Cynthia|Willis|-1062878862|Female|Cynthia_Willis7525@nickia.com|6-807-261-1581
Ron|Lynch|-159536654|Male|Ron_Lynch5625@jiman.org|3-511-646-7545
Anthony|Whitehouse|-389649786|Male|Anthony_Whitehouse9986@tonsy.org|4-337-350-4543
Bethany|Riley|-1242235827|Female|Bethany_Riley8169@nanoff.biz|4-515-140-6550
Danny|Watt|-1803905346|Male|Danny_Watt4361@twace.org|7-515-127-1324
Eden|Roscoe|-706451406|Female|Eden_Roscoe8317@elnee.tech|0-728-650-4487
Charlize|Dickson|-1452824279|Female|Charlize_Dickson3907@liret.org|8-838-780-7160
Sabrina|Cox|-1038850815|Female|Sabrina_Cox7209@gompie.com|7-775-466-7321
Diane|Wilson|-1412738947|Female|Diane_Wilson6886@bulaffy.com|0-003-884-3428
Bob|Antcliff|-1175217302|Male|Bob_Antcliff4778@grannar.com|3-336-185-6571
Eduardo|Mason|-1359693813|Male|Eduardo_Mason7241@iatim.tech|4-487-112-4857
Candice|Pond|-457627057|Female|Candice_Pond607@twipet.com|5-271-613-5162
Nathan|Strong|-699761969|Male|Nathan_Strong2600@extex.org|5-421-468-8878
Nancy|Johnson|-1009440135|Female|Nancy_Johnson401@elnee.tech|6-366-448-4152
Margot|Gilmour|-986807375|Female|Margot_Gilmour1594@gompie.com|0-371-172-4676
Kurt|Richardson|-219515205|Male|Kurt_Richardson544@bungar.biz|2-887-185-2606
Kurt|Khan|-35941641|Male|Kurt_Khan435@iatim.tech|5-518-406-1787
Nancy|Broomfield|-2041023957|Female|Nancy_Broomfield5078@eirey.tech|5-228-480-1680
Hank|Gordon|-1570511775|Male|Hank_Gordon6770@elnee.tech|7-338-001-5461
Lauren|Furnell|-731425589|Female|Lauren_Furnell3623@typill.biz|3-501-732-6017
Mason|Powell|-1783334035|Male|Mason_Powell8125@twace.org|7-511-784-3072
Jade|Dillon|-1151207106|Female|Jade_Dillon8732@yahoo.com|3-550-620-8730
Julian|Terry|-1369755407|Male|Julian_Terry8805@nimogy.biz|6-171-643-3402
Eden|Ianson|-385177792|Female|Eden_Ianson2936@liret.org|5-787-181-0241
George|Wood|-909379840|Male|George_Wood7789@nimogy.biz|1-171-637-8537
Miriam|Rogers|-398337191|Female|Miriam_Rogers9642@deons.tech|6-708-861-7134
Amy|Clark|-1201973962|Female|Amy_Clark9326@deons.tech|3-305-022-6138
Emery|Redden|-1206955096|Female|Emery_Redden336@bungar.biz|6-221-881-3365
Jack|Roberts|-744355468|Male|Jack_Roberts7597@womeona.net|8-076-614-7750
Marissa|Whittle|-505541657|Female|Marissa_Whittle4530@nickia.com|7-241-458-4018
Jade|Norton|-741937814|Female|Jade_Norton4898@bungar.biz|1-850-510-4222
Sloane|Callan|-2065332121|Female|Sloane_Callan8982@cispeto.com|0-751-711-3736
Chris|Eaton|-436770085|Male|Chris_Eaton3843@cispeto.com|0-753-183-5167
Lucas|Widdows|-688550168|Male|Lucas_Widdows8815@nimogy.biz|2-803-812-5766
Keira|Ellison|-982539570|Female|Keira_Ellison8832@sveldo.biz|7-555-710-3570
Denis|Russel|-756937850|Male|Denis_Russel5115@elnee.tech|3-674-141-5831
Ruby|Faulkner|-2019399898|Female|Ruby_Faulkner2848@eirey.tech|0-518-245-3508
Kenzie|Dillon|-100782230|Female|Kenzie_Dillon910@atink.com|2-340-412-6223
Isla|Emmott|-2037134033|Female|Isla_Emmott919@qater.org|2-432-768-0641
Lucas|Avery|-455250674|Male|Lucas_Avery2829@guentu.biz|6-818-552-3033
Tara|Dixon|-1363683602|Female|Tara_Dixon8467@grannar.com|6-847-144-7457
Tara|Hall|-2143296954|Female|Tara_Hall6787@nanoff.biz|6-287-045-4501
Johnny|Wigley|-1037679505|Male|Johnny_Wigley1705@bretoux.com|2-875-471-6500
Benjamin|Larsen|-2006404720|Male|Benjamin_Larsen3924@womeona.net|5-880-157-4502
Chris|Owens|-841758575|Male|Chris_Owens8352@bauros.biz|3-070-528-5483
Molly|Lyon|-200692491|Female|Molly_Lyon5832@gembat.biz|3-271-601-1405
Matt|Wilson|-1375574696|Male|Matt_Wilson8111@bretoux.com|6-526-140-8065
Rick|Robertson|-967075576|Male|Rick_Robertson3416@gompie.com|8-137-747-7058
Madelyn|Lloyd|-1459997009|Female|Madelyn_Lloyd2974@fuliss.net|8-602-178-4433
Jacob|Jeffery|-869991835|Male|Jacob_Jeffery3833@muall.tech|8-766-724-4841
Samara|Benson|-1705612890|Female|Samara_Benson4757@nickia.com|4-504-730-3481
Cedrick|Rigg|-665010622|Male|Cedrick_Rigg6555@irrepsy.com|2-177-758-4385
Kimberly|Coll|-1815916215|Female|Kimberly_Coll3030@brety.org|5-482-647-4355
Candace|Terry|-1385758210|Female|Candace_Terry2237@ubusive.com|7-573-530-1701
Maxwell|Morrison|-1087980781|Male|Maxwell_Morrison721@gembat.biz|4-032-822-3700
Makenzie|Herbert|-827790102|Female|Makenzie_Herbert672@muall.tech|8-174-255-6383
Denis|Tutton|-2068253008|Male|Denis_Tutton2090@tonsy.org|8-454-115-0028
Boris|Gavin|-216653549|Male|Boris_Gavin387@bulaffy.com|3-077-628-2811
Russel|Jefferson|-174280794|Male|Russel_Jefferson8872@womeona.net|8-305-814-3732
Abdul|Collins|-267725219|Male|Abdul_Collins8038@gembat.biz|3-173-482-4787
Valentina|Flett|-1101685760|Female|Valentina_Flett8707@iatim.tech|8-605-223-5083
Quinn|Anderson|-1914358406|Female|Quinn_Anderson74@bauros.biz|6-470-332-5462
Clint|Wood|-1887289232|Male|Clint_Wood2353@twace.org|0-774-887-2065
Chuck|Janes|-1487616233|Male|Chuck_Janes6922@ubusive.com|6-725-257-6204
Makenzie|Leslie|-1967138150|Female|Makenzie_Leslie6183@tonsy.org|7-147-213-5086
Margaret|Slater|-622184366|Female|Margaret_Slater5066@kideod.biz|7-342-626-7705
Nick|Parker|-573247289|Male|Nick_Parker8632@grannar.com|7-750-255-8023
Alessandra|Wilson|-1052469203|Female|Alessandra_Wilson1092@tonsy.org|5-542-133-2834
Alan|Thomson|-164521683|Male|Alan_Thomson70@muall.tech|7-718-662-4317
Cecilia|Mitchell|-263873059|Female|Cecilia_Mitchell4678@twipet.com|0-461-605-1320
Angelina|Huggins|-1594948675|Female|Angelina_Huggins7671@bretoux.com|0-686-050-2352
Candace|Knight|-2026121304|Female|Candace_Knight653@cispeto.com|8-610-242-8443
Percy|Rees|-2035858988|Male|Percy_Rees4776@deavo.com|3-340-135-0873
Denis|Terry|-2051616497|Male|Denis_Terry9692@famism.biz|1-043-301-4864
Oliver|Lewis|-1685493942|Male|Oliver_Lewis2493@nickia.com|0-746-314-4515
Julius|Gray|-1560260883|Male|Julius_Gray3868@kideod.biz|1-803-854-8581
Cecilia|Mccormick|-303976816|Female|Cecilia_Mccormick6893@nanoff.biz|4-452-774-0758
Sydney|Cadman|-195231516|Female|Sydney_Cadman1334@jiman.org|5-578-135-5340
Lucas|Mills|-679908974|Male|Lucas_Mills4857@guentu.biz|7-701-887-8831
Laila|Cox|-1350054288|Female|Laila_Cox7365@yahoo.com|3-521-624-8862
Ivette|Atkinson|-1881776459|Female|Ivette_Atkinson9290@eirey.tech|1-468-123-1462
Stephanie|Allwood|-925094464|Female|Stephanie_Allwood7532@guentu.biz|5-517-688-0620
Russel|Shaw|-1228923665|Male|Russel_Shaw4134@twipet.com|2-340-747-6628
Carl|Dubois|-201446401|Male|Carl_Dubois4278@ubusive.com|0-366-805-1182
Sebastian|Adler|-1277554608|Male|Sebastian_Adler3441@bretoux.com|3-475-082-5121
Harry|Jenkins|-532651996|Male|Harry_Jenkins367@dionrab.com|4-443-463-7340
Angela|Waterhouse|-1205943878|Female|Angela_Waterhouse8394@guentu.biz|4-327-428-2883
Jacob|Fall|-807435110|Male|Jacob_Fall7634@naiker.biz|7-801-215-6572
Bryce|Robe|-1348113514|Female|Bryce_Robe5879@vetan.org|6-601-416-3421
Owen|Paterson|-1996370412|Male|Owen_Paterson7925@zorer.org|7-311-166-0051
Lauren|Rogers|-958147464|Female|Lauren_Rogers5729@fuliss.net|6-538-386-2561
Brad|Burge|-1702977617|Male|Brad_Burge431@gembat.biz|4-543-440-0214
Chadwick|Lee|-1944446105|Male|Chadwick_Lee9116@gembat.biz|4-781-481-0733
Marvin|Little|-1138441195|Male|Marvin_Little5198@infotech44.tech|4-308-725-4682
Clint|Durrant|-1637628000|Male|Clint_Durrant395@nanoff.biz|2-215-146-5628
Maxwell|Chadwick|-1895220777|Male|Maxwell_Chadwick5813@womeona.net|1-405-581-2628
Enoch|Jordan|-1709288203|Male|Enoch_Jordan895@eirey.tech|7-715-215-3436
Nick|Gray|-781141996|Male|Nick_Gray8659@cispeto.com|1-561-486-4654
David|Clayton|-145097544|Male|David_Clayton3060@sheye.org|2-427-013-6446
Aiden|Hewitt|-1543002610|Male|Aiden_Hewitt1482@irrepsy.com|4-522-774-8863
Erin|Stanton|-1992589046|Female|Erin_Stanton3776@bretoux.com|1-255-673-2611
Benny|Robinson|-546354953|Male|Benny_Robinson3476@muall.tech|3-064-301-6360
Peter|Uttridge|-676167705|Male|Peter_Uttridge4818@typill.biz|7-884-741-2741
Leilani|Thomas|-1628928455|Female|Leilani_Thomas4381@bretoux.com|5-684-383-6146
Anne|Fenton|-164276778|Female|Anne_Fenton5828@joiniaa.com|6-811-302-5535
Tom|Power|-1762292318|Male|Tom_Power3781@sheye.org|7-348-112-5527
Colleen|Rainford|-1514534205|Female|Colleen_Rainford6670@womeona.net|1-328-163-8084
Dalia|Devonport|-1672010586|Female|Dalia_Devonport1050@nanoff.biz|7-778-863-8713
Carter|Gilmour|-1304257164|Male|Carter_Gilmour2428@extex.org|3-716-411-2088
Stacy|Yarwood|-2064232064|Female|Stacy_Yarwood9826@hourpy.biz|6-145-428-2540
Maia|Stevens|-1925810062|Female|Maia_Stevens7189@liret.org|8-025-755-4827
Nick|Potts|-1885804928|Male|Nick_Potts8896@deons.tech|4-738-725-6256
Tania|Milner|-1852997963|Female|Tania_Milner1461@guentu.biz|4-038-802-6380
Nicholas|Sylvester|-432713296|Male|Nicholas_Sylvester7216@zorer.org|7-028-002-0668
Mona|Adler|-724462628|Female|Mona_Adler250@naiker.biz|6-582-508-5503
Aiden|Ashley|-1412571412|Male|Aiden_Ashley9240@sveldo.biz|5-502-582-5655
Logan|Coleman|-742956770|Male|Logan_Coleman2887@atink.com|8-531-044-2561
Ivette|Silva|-566425672|Female|Ivette_Silva6248@kideod.biz|6-488-802-2024
Nathan|Ogilvy|-1961079880|Male|Nathan_Ogilvy3248@ubusive.com|6-355-632-5321
Caitlyn|Murray|-1144671950|Female|Caitlyn_Murray2726@hourpy.biz|1-852-763-2732
Hope|Willson|-350450604|Female|Hope_Willson8007@liret.org|7-164-635-0155
Courtney|Furnell|-1696011174|Female|Courtney_Furnell9861@gmail.com|6-347-145-7267
George|Oldfield|-1643237447|Male|George_Oldfield3438@deons.tech|1-612-674-7535
Ruby|Butler|-1613974765|Female|Ruby_Butler6571@supunk.biz|6-801-880-7210
Macy|Randall|-361032914|Female|Macy_Randall1319@bretoux.com|1-466-327-1112
Chanelle|Campbell|-863059205|Female|Chanelle_Campbell5399@acrit.org|0-862-174-3621